Metric,Value
CAGR,1.1053819834968093
Sharpe Ratio,2.877647504722189
Max Drawdown,-0.4397481128242875
